model,rmse,mae
CatBoost,5.54027276242128,3.8878577331772286
ElasticNet,5.725144290417593,3.967902215871192
Lasso,5.724947116387227,3.9678040854387175
LightGBM,5.618398411813466,3.8904603109446168
PLS,5.737740363664336,3.954866713517278
Ridge,5.7252239170784085,3.9883371289321037
XGBoost,5.393187874968541,3.7409961422284446
