model,rmse,mae
CatBoost,5.315998975744142,3.7785092430823095
ElasticNet,5.642589591674219,3.876931302192798
Lasso,5.6424254094089346,3.8768528286873334
LightGBM,5.4947530855479165,3.8794316981198245
PLS,5.632415436809915,3.868233262775526
Ridge,5.627023100804733,3.883664674052812
XGBoost,5.234010564296103,3.7272341238127815
